id,entry_time,direction,option_type,strike,entry_spot,entry_premium,sl_premium,target_premium,sl_spot,target_spot,lots,status,exit_time,exit_spot,exit_premium,gross_pnl,costs,net_pnl,max_favorable,quantity
1,2026-02-02 15:15:00,BUY,PE,21950,21939.76,192.54,250.302,77.016,21863.0,22039.76,1,TIME_EXIT,2026-02-02 15:25:00,21951.99,168.87,591.7499999999997,155.67,436.0799999999997,23.669999999999987,25
2,2026-02-03 09:55:00,SELL,CE,21950,21933.66,182.25,236.925,72.9,21985.61,21833.66,1,TIME_EXIT,2026-02-03 15:25:00,21898.83,168.46,344.7499999999998,155.36,189.38999999999976,13.840000000000003,25
3,2026-02-04 10:10:00,BUY,PE,21900,21905.67,182.02,236.62600000000003,72.808,21863.91,22005.67,1,TIME_EXIT,2026-02-04 15:25:00,21998.77,169.23,319.7500000000005,155.36,164.3900000000005,13.460000000000008,25
4,2026-02-05 10:40:00,SELL,CE,22000,21988.13,182.7,237.51,73.08,22055.82,21888.13,1,TIME_EXIT,2026-02-05 15:25:00,21981.65,169.1,339.9999999999999,155.38,184.6199999999999,13.769999999999982,25
5,2026-02-06 13:05:00,SELL,CE,22050,22029.86,183.05,237.96500000000003,73.22000000000001,22081.0,21929.86,1,TIME_EXIT,2026-02-06 15:25:00,22045.79,169.59,336.5000000000002,155.4,181.10000000000022,13.810000000000002,25
1,2026-01-27 10:45:00,SELL,CE,22000,21991.15,182.73,237.549,73.092,,21891.15,1,TIME_EXIT,2026-01-27 15:25:00,21951.99,168.87,346.49999999999966,155.38,191.11999999999966,14.23999999999998,25
2,2026-01-28 09:55:00,SELL,CE,21950,21933.66,182.25,236.925,72.9,21992.32,21833.66,1,TIME_EXIT,2026-01-28 15:25:00,21898.83,168.46,344.7499999999998,155.36,189.38999999999976,13.840000000000003,25
3,2026-01-29 10:10:00,BUY,PE,21900,21905.67,182.02,236.62600000000003,72.808,21858.23,22005.67,1,TIME_EXIT,2026-01-29 15:25:00,21998.77,169.23,319.7500000000005,155.36,164.3900000000005,13.460000000000008,25
4,2026-01-30 11:00:00,SELL,CE,22000,21986.82,182.69,237.497,73.07600000000001,22039.52,21886.82,1,TIME_EXIT,2026-01-30 15:25:00,21981.65,169.1,339.7500000000001,155.38,184.37000000000012,13.759999999999991,25
5,2026-02-02 13:05:00,SELL,CE,22050,22029.86,183.05,237.96500000000003,73.22000000000001,22085.96,21929.86,1,TIME_EXIT,2026-02-02 15:25:00,22045.79,169.59,336.5000000000002,155.4,181.10000000000022,13.810000000000002,25
6,2026-02-03 10:25:00,SELL,CE,22000,22012.94,195.85,254.605,78.34,22095.81,21912.94,1,SL_HIT,2026-02-03 14:35:00,22086.61,256.52,-1516.7499999999998,157.14,-1673.8899999999999,26.72999999999999,25
7,2026-02-04 14:00:00,SELL,CE,22200,22183.33,184.32,239.61599999999999,73.728,22251.88,22083.33,1,TIME_EXIT,2026-02-04 15:25:00,22213.08,183.96,8.99999999999963,155.66,-146.66000000000037,13.789999999999992,25
8,2026-02-06 13:05:00,BUY,PE,22450,22431.45,204.94,266.422,81.976,22376.94,22531.45,1,TIME_EXIT,2026-02-06 15:25:00,22416.42,206.02,-27.000000000000313,156.63,-183.6300000000003,25.039999999999992,25
9,2026-02-09 09:35:00,BUY,PE,22450,22450.26,186.54,242.502,74.616,22349.93,22550.26,1,TIME_EXIT,2026-02-09 15:25:00,22492.15,173.03,337.7499999999998,155.56,182.18999999999977,13.829999999999984,25
1,2026-01-07 10:45:00,SELL,CE,22000,21991.15,182.73,0.0,0.0,,21891.15,1,TIME_EXIT,2026-01-07 15:25:00,21951.99,168.87,346.49999999999966,155.38,191.11999999999966,14.23999999999998,25
2,2026-01-08 09:55:00,SELL,CE,21950,21933.66,182.25,0.0,0.0,21938.796255829806,21833.66,1,SL_HIT,2026-01-08 10:05:00,21923.05,168.65,339.9999999999999,155.36,184.63999999999987,13.599999999999994,25
3,2026-01-08 12:50:00,BUY,PE,21900,21908.84,182.04,0.0,0.0,21914.324590445136,22008.84,1,SL_HIT,2026-01-08 13:50:00,21929.59,168.7,333.5000000000001,155.35,178.15000000000012,13.429999999999978,25
4,2026-01-08 14:15:00,SELL,CE,21900,21905.67,187.69,0.0,0.0,21928.17248764903,21805.67,1,SL_HIT,2026-01-08 14:35:00,21915.73,184.32,84.25000000000011,155.77,-71.5199999999999,9.919999999999987,25
5,2026-01-09 10:10:00,BUY,PE,21900,21905.67,182.02,0.0,0.0,21912.718911264215,22005.67,1,SL_HIT,2026-01-09 11:05:00,21925.8,168.67,333.75000000000057,155.35,178.40000000000057,13.460000000000008,25
6,2026-01-09 13:20:00,SELL,CE,21950,21943.91,182.33,0.0,0.0,21957.298173147956,21843.91,1,SL_HIT,2026-01-09 13:30:00,21937.63,168.76,339.25000000000057,155.36,183.89000000000055,13.590000000000003,25
7,2026-01-09 13:50:00,BUY,PE,21950,21948.19,184.18,0.0,0.0,21937.03663449238,22048.19,1,SL_HIT,2026-01-09 14:05:00,21948.92,169.93,356.25,155.44,200.81,14.25,25
8,2026-01-09 14:15:00,BUY,PE,22000,21983.86,198.81,0.0,0.0,21981.095666882975,22083.86,1,TIME_EXIT,2026-01-09 15:25:00,21998.77,170.46,708.7499999999999,155.89,552.8599999999999,29.560000000000002,25
9,2026-01-12 10:40:00,SELL,CE,22000,21988.13,182.7,0.0,0.0,22003.126811501876,21888.13,1,SL_HIT,2026-01-12 11:00:00,21986.82,169.14,339.00000000000006,155.38,183.62000000000006,13.560000000000002,25
10,2026-01-12 11:40:00,BUY,PE,22000,22017.65,182.95,0.0,0.0,21986.217694031926,22117.65,1,SL_HIT,2026-01-12 11:55:00,22011.75,169.33,340.49999999999943,155.39,185.10999999999945,13.699999999999989,25
11,2026-01-12 12:35:00,SELL,CE,21950,21971.8,204.37,0.0,0.0,21992.540183022782,21871.8,1,SL_HIT,2026-01-12 13:10:00,21961.01,179.95,610.5000000000005,156.21,454.2900000000004,25.52000000000001,25
12,2026-01-13 13:05:00,SELL,CE,22050,22029.86,183.05,0.0,0.0,22032.884458642897,21929.86,1,SL_HIT,2026-01-13 13:40:00,22020.71,169.4,341.2500000000001,155.39,185.86000000000013,13.810000000000002,25
13,2026-01-13 14:45:00,BUY,PE,22050,22025.83,207.18,0.0,0.0,22011.565849955427,22125.83,1,SL_HIT,2026-01-13 15:05:00,22022.32,197.09,252.25000000000009,156.56,95.69000000000008,16.230000000000018,25
14,2026-01-14 10:25:00,SELL,CE,22000,22012.94,195.85,0.0,0.0,22024.53196723289,21912.94,1,SL_HIT,2026-01-14 11:05:00,22003.13,172.39,586.5000000000002,155.83,430.6700000000002,26.72999999999999,25
15,2026-01-14 12:00:00,BUY,PE,22000,22024.6,183.0,0.0,0.0,22033.975061787787,22124.6,1,SL_HIT,2026-01-14 13:25:00,22022.89,169.42,339.50000000000034,155.39,184.11000000000035,13.610000000000014,25
16,2026-01-14 13:40:00,SELL,CE,22050,22025.54,183.01,0.0,0.0,22045.598340952733,21925.54,1,SL_HIT,2026-01-14 13:50:00,22042.54,169.57,335.99999999999994,155.4,180.59999999999994,13.599999999999994,25
17,2026-01-14 14:00:00,BUY,PE,22050,22051.79,183.23,0.0,0.0,22076.69441744685,22151.79,1,TIME_EXIT,2026-01-14 15:25:00,22124.53,170.2,325.75,155.41,170.34,13.519999999999982,25
18,2026-01-15 14:00:00,SELL,CE,22200,22183.33,184.32,0.0,0.0,22200.18336834039,22083.33,1,SL_HIT,2026-01-15 14:25:00,22185.31,170.67,341.2500000000001,155.45,185.80000000000013,13.789999999999992,25
19,2026-01-15 14:45:00,BUY,PE,22250,22231.81,202.92,0.0,0.0,22193.078306349944,22331.81,1,SL_HIT,2026-01-15 15:10:00,22221.97,198.98,98.49999999999994,156.46,-57.960000000000065,3.9399999999999977,25
20,2026-01-19 12:05:00,SELL,CE,22400,22405.3,191.47,0.0,0.0,22430.327603649126,22305.3,1,SL_HIT,2026-01-19 12:15:00,22412.15,184.56,172.74999999999991,155.89,16.85999999999993,6.909999999999997,25
21,2026-01-19 13:05:00,BUY,PE,22450,22431.45,204.94,0.0,0.0,22413.123455483284,22531.45,1,SL_HIT,2026-01-19 13:30:00,22422.98,199.51,135.75000000000017,156.53,-20.77999999999983,14.310000000000002,25
22,2026-01-19 14:55:00,SELL,CE,22400,22421.4,207.7,0.0,0.0,22427.62575698461,22321.4,1,SL_HIT,2026-01-19 15:25:00,22416.42,188.86,470.9999999999994,156.45,314.5499999999994,35.44999999999999,25
23,2026-01-20 09:35:00,BUY,PE,22450,22450.26,186.54,0.0,0.0,22415.276890902023,22550.26,1,SL_HIT,2026-01-20 09:45:00,22420.06,202.41,-396.7500000000001,156.01,-552.7600000000001,0.0,25
24,2026-01-20 10:45:00,SELL,CE,22450,22433.49,186.4,0.0,0.0,22434.36426963266,22333.49,1,SL_HIT,2026-01-20 10:55:00,22442.38,172.64,344.00000000000045,155.55,188.45000000000044,13.810000000000002,25
25,2026-01-21 10:20:00,SELL,CE,22500,22485.25,186.83,0.0,0.0,22508.685251115443,22385.25,1,SL_HIT,2026-01-21 10:30:00,22490.68,173.01,345.50000000000057,155.57,189.93000000000058,13.900000000000006,25
26,2026-01-21 13:20:00,BUY,PE,22500,22509.39,187.03,0.0,0.0,22490.012809610314,22609.39,1,SL_HIT,2026-01-21 13:55:00,22518.07,173.23,345.0000000000003,155.58,189.42000000000027,13.870000000000005,25
27,2026-01-22 10:15:00,SELL,CE,22500,22498.09,186.94,0.0,0.0,22495.73330568458,22398.09,1,SL_HIT,2026-01-22 11:20:00,22463.21,172.8,353.49999999999966,155.57,197.92999999999967,14.25,25
28,2026-01-22 13:10:00,BUY,PE,22500,22482.52,204.29,0.0,0.0,22471.259817169463,22582.52,1,SL_HIT,2026-01-22 13:50:00,22471.64,201.23,76.50000000000006,156.53,-80.02999999999994,30.689999999999998,25
29,2026-01-22 14:10:00,SELL,CE,22450,22466.48,203.16,0.0,0.0,22467.412464419547,22366.48,1,SL_HIT,2026-01-22 15:05:00,22441.15,172.63,763.25,156.06,607.19,30.609999999999985,25
30,2026-01-23 09:30:00,BUY,PE,22500,22486.69,200.15,0.0,0.0,22475.14928031773,22586.69,1,SL_HIT,2026-01-23 10:35:00,22492.87,180.16,499.7500000000002,156.08,343.6700000000002,27.03,25
31,2026-01-23 12:50:00,SELL,CE,22500,22495.22,186.91,0.0,0.0,22505.686335157916,22395.22,1,SL_HIT,2026-01-23 13:30:00,22502.14,175.24,291.74999999999966,155.6,136.14999999999966,13.990000000000009,25
32,2026-01-23 13:45:00,BUY,PE,22500,22503.3,186.98,0.0,0.0,22489.790120184236,22603.3,1,SL_HIT,2026-01-23 13:55:00,22508.54,173.15,345.7499999999996,155.57,190.1799999999996,13.869999999999976,25
33,2026-01-26 10:25:00,SELL,CE,22500,22516.68,203.77,0.0,0.0,22537.808030749646,22416.68,1,SL_HIT,2026-01-26 10:50:00,22518.05,191.28,312.2500000000002,156.36,155.8900000000002,12.490000000000009,25
34,2026-01-26 11:10:00,BUY,PE,22550,22535.47,201.78,0.0,0.0,22523.953249026818,22635.47,1,SL_HIT,2026-01-26 11:35:00,22538.13,185.25,413.25,156.21,257.03999999999996,22.080000000000013,25
35,2026-01-27 11:40:00,SELL,CE,22650,22664.81,203.13,0.0,0.0,22678.495489104327,22564.81,1,SL_HIT,2026-01-27 12:00:00,22671.64,196.05,176.9999999999996,156.42,20.579999999999615,16.560000000000002,25
36,2026-01-27 13:20:00,BUY,PE,22650,22673.08,188.39,0.0,0.0,22658.63689362278,22773.08,1,SL_HIT,2026-01-27 13:55:00,22675.75,174.44,348.7499999999997,155.64,193.10999999999973,13.949999999999989,25
37,2026-01-28 12:25:00,SELL,CE,22700,22694.13,188.57,0.0,0.0,22716.27191343168,22594.13,1,SL_HIT,2026-01-28 13:00:00,22682.61,174.49,351.9999999999996,155.64,196.35999999999962,14.079999999999984,25
38,2026-01-29 10:15:00,BUY,PE,22700,22687.02,201.49,0.0,0.0,22678.779365454713,22787.02,1,SL_HIT,2026-01-29 10:45:00,22694.3,180.28,530.2500000000002,156.12,374.1300000000002,26.860000000000014,25
39,2026-01-29 13:25:00,SELL,CE,22700,22718.11,206.88,0.0,0.0,22709.845695216318,22618.11,1,SL_HIT,2026-01-29 14:30:00,22690.09,174.55,808.2499999999995,156.2,652.0499999999995,32.44,25
40,2026-01-29 15:15:00,BUY,PE,22750,22725.21,213.62,0.0,0.0,22695.340452306664,22825.21,1,TIME_EXIT,2026-01-29 15:25:00,22720.54,204.24,234.4999999999999,156.86,77.63999999999987,14.789999999999992,25
41,2026-01-30 11:15:00,SELL,CE,22700,22704.34,192.99,0.0,0.0,22720.23188877398,22604.34,1,SL_HIT,2026-01-30 11:35:00,22707.66,182.34,266.2500000000001,155.9,110.35000000000011,18.439999999999998,25
42,2026-01-30 14:00:00,SELL,CE,22700,22694.58,188.57,0.0,0.0,22672.93774146738,22594.58,1,TIME_EXIT,2026-01-30 15:25:00,22627.56,174.07,362.5,155.63,206.87,14.5,25
43,2026-02-02 14:15:00,BUY,PE,22600,22583.34,204.31,0.0,0.0,22570.569166083307,22683.34,1,SL_HIT,2026-02-02 14:35:00,22568.84,204.78,-11.749999999999972,156.59,-168.33999999999997,17.860000000000014,25
44,2026-02-03 09:25:00,SELL,CE,22600,22577.38,187.6,0.0,0.0,22587.133828400885,22477.38,1,SL_HIT,2026-02-03 09:40:00,22584.91,173.74,346.49999999999966,155.6,190.89999999999966,13.97999999999999,25
45,2026-02-03 09:50:00,BUY,PE,22600,22580.55,207.07,0.0,0.0,22587.966226882407,22680.55,1,SL_HIT,2026-02-03 10:45:00,22587.21,186.55,512.9999999999995,156.39,356.60999999999956,33.20999999999998,25
46,2026-02-03 11:00:00,SELL,CE,22600,22577.44,187.6,0.0,0.0,22589.219543466974,22477.44,1,SL_HIT,2026-02-03 12:00:00,22581.21,173.71,347.24999999999966,155.6,191.64999999999966,14.049999999999983,25
47,2026-02-03 12:15:00,BUY,PE,22600,22585.88,201.79,0.0,0.0,22574.49672714869,22685.88,1,SL_HIT,2026-02-03 12:35:00,22592.0,181.79,500.0,156.16,343.84000000000003,20.75,25
48,2026-02-04 09:25:00,SELL,CE,22600,22602.0,189.8,0.0,0.0,22633.260636562227,22502.0,1,SL_HIT,2026-02-04 09:50:00,22623.93,197.97,-204.2499999999997,156.04,-360.2899999999997,15.960000000000008,25
49,2026-02-04 10:30:00,BUY,PE,22650,22638.58,199.53,0.0,0.0,22673.26766649403,22738.58,1,SL_HIT,2026-02-04 12:00:00,22690.29,174.55,624.4999999999998,155.98,468.51999999999975,25.180000000000007,25
50,2026-02-04 13:35:00,SELL,CE,22700,22680.07,188.45,0.0,0.0,22696.349999827373,22580.07,1,SL_HIT,2026-02-04 13:50:00,22676.33,174.44,350.2499999999998,155.64,194.6099999999998,14.089999999999975,25
51,2026-02-05 12:15:00,BUY,PE,22650,22662.92,188.31,0.0,0.0,22645.714853038124,22762.92,1,SL_HIT,2026-02-05 12:45:00,22667.83,174.38,348.25000000000017,155.63,192.62000000000018,13.960000000000008,25
52,2026-02-06 14:10:00,SELL,CE,22750,22756.4,195.49,0.0,0.0,22777.6716967145,22656.4,1,SL_HIT,2026-02-06 14:30:00,22765.83,190.96,113.25000000000003,156.11,-42.859999999999985,14.930000000000007,25
53,2026-02-06 14:45:00,BUY,PE,22800,22778.82,210.45,0.0,0.0,22761.1118767437,22878.82,1,SL_HIT,2026-02-06 14:55:00,22776.67,198.54,297.7499999999999,156.68,141.06999999999988,17.579999999999984,25
54,2026-02-09 10:40:00,SELL,CE,22800,22784.1,189.32,0.0,0.0,22799.046962356777,22684.1,1,SL_HIT,2026-02-09 10:50:00,22786.81,175.29,350.75,155.68,195.07,14.030000000000001,25
55,2026-02-09 11:40:00,BUY,PE,22800,22794.88,194.52,0.0,0.0,22780.04691031545,22894.88,1,SL_HIT,2026-02-09 11:55:00,22801.57,175.41,477.75000000000034,155.84,321.9100000000003,19.120000000000005,25
56,2026-02-09 12:25:00,SELL,CE,22750,22763.14,202.28,0.0,0.0,22794.476034477353,22663.14,1,SL_HIT,2026-02-09 12:40:00,22772.66,197.84,110.99999999999994,156.42,-45.420000000000044,7.150000000000006,25
57,2026-02-09 13:10:00,BUY,PE,22800,22796.49,192.93,0.0,0.0,22778.14992852983,22896.49,1,SL_HIT,2026-02-09 13:20:00,22794.61,180.74,304.74999999999994,155.87,148.87999999999994,15.300000000000011,25
58,2026-02-10 10:25:00,SELL,CE,22850,22837.88,189.76,0.0,0.0,22863.080069800006,22737.88,1,SL_HIT,2026-02-10 10:55:00,22869.63,195.56,-145.00000000000028,156.0,-301.0000000000003,14.079999999999984,25
59,2026-02-10 11:05:00,BUY,PE,22850,22872.4,190.05,0.0,0.0,22849.225524150734,22972.4,1,SL_HIT,2026-02-10 11:20:00,22859.32,175.85,355.00000000000045,155.71,199.29000000000045,14.200000000000017,25
60,2026-02-10 11:45:00,SELL,CE,22850,22856.45,196.37,0.0,0.0,22867.188715615383,22756.45,1,SL_HIT,2026-02-10 11:55:00,22849.23,175.77,514.9999999999999,155.9,359.0999999999999,20.599999999999994,25
61,2026-02-10 13:55:00,BUY,PE,22850,22849.39,190.47,0.0,0.0,22843.680287435145,22949.39,1,SL_HIT,2026-02-10 14:50:00,22849.47,176.3,354.24999999999966,155.73,198.51999999999967,14.689999999999998,25
62,2026-02-11 10:35:00,SELL,CE,22900,22876.07,190.08,0.0,0.0,22887.11562183948,22776.07,1,SL_HIT,2026-02-11 11:00:00,22862.05,175.87,355.2500000000002,155.71,199.54000000000022,14.230000000000018,25
63,2026-02-13 11:20:00,SELL,CE,22950,22963.88,204.69,0.0,0.0,22976.75928695999,22863.88,1,SL_HIT,2026-02-13 11:30:00,22956.0,182.59,552.4999999999999,156.26,396.2399999999999,22.099999999999994,25
64,2026-02-13 12:00:00,BUY,PE,23000,22984.97,206.01,0.0,0.0,22958.167339954383,23084.97,1,SL_HIT,2026-02-13 12:10:00,22965.74,210.93,-123.0000000000004,156.74,-279.7400000000004,0.0,25
65,2026-02-13 12:25:00,SELL,CE,22950,22961.64,202.43,0.0,0.0,22971.51644137752,22861.64,1,SL_HIT,2026-02-13 13:05:00,22964.36,191.02,285.2499999999999,156.32,128.9299999999999,25.909999999999997,25
66,2026-02-13 13:20:00,BUY,PE,22950,22964.59,190.82,0.0,0.0,22953.422936074607,23064.59,1,SL_HIT,2026-02-13 13:30:00,22965.63,176.67,353.7500000000001,155.74,198.0100000000001,14.169999999999987,25
67,2026-02-13 13:45:00,SELL,CE,22950,22961.57,202.36,0.0,0.0,22968.61899131193,22861.57,1,SL_HIT,2026-02-13 14:15:00,22949.87,176.55,645.25,156.09,489.15999999999997,25.880000000000024,25
68,2026-02-13 15:10:00,BUY,PE,22950,22962.5,190.8,0.0,0.0,22949.5157920598,23062.5,1,TIME_EXIT,2026-02-13 15:25:00,22986.02,176.83,349.25,155.75,193.5,14.100000000000023,25
69,2026-02-16 12:10:00,SELL,CE,23000,23001.62,192.74,0.0,0.0,23027.94275290484,22901.62,1,SL_HIT,2026-02-16 12:35:00,23015.42,192.47,6.750000000000256,156.05,-149.29999999999976,15.920000000000016,25
70,2026-02-16 12:55:00,BUY,PE,23050,23047.62,193.88,0.0,0.0,23098.848946449747,23147.62,1,TIME_EXIT,2026-02-16 15:25:00,23133.29,177.96,397.99999999999966,155.86,242.13999999999965,16.549999999999983,25
71,2026-02-17 12:15:00,SELL,CE,23150,23143.52,192.3,0.0,0.0,23169.024564311458,23043.52,1,SL_HIT,2026-02-17 12:35:00,23170.0,198.24,-148.49999999999994,156.12,-304.61999999999995,14.230000000000018,25
72,2026-02-17 12:45:00,BUY,PE,23150,23162.42,192.46,0.0,0.0,23151.96028227794,23262.42,1,SL_HIT,2026-02-17 12:55:00,23169.66,178.24,355.5,155.82,199.68,14.219999999999999,25
1,2026-01-07 10:45:00,SELL,CE,22000,21991.15,182.73,0.0,0.0,,21891.15,1,TIME_EXIT,2026-01-07 15:25:00,21951.99,168.87,346.49999999999966,155.38,191.11999999999966,14.23999999999998,25
2,2026-01-08 09:55:00,SELL,CE,21950,21933.66,182.25,0.0,0.0,21938.796255829806,21833.66,1,SL_HIT,2026-01-08 10:05:00,21923.05,168.65,339.9999999999999,155.36,184.63999999999987,13.599999999999994,25
3,2026-01-08 12:50:00,BUY,PE,21900,21908.84,182.04,0.0,0.0,21914.324590445136,22008.84,1,SL_HIT,2026-01-08 13:50:00,21929.59,168.7,333.5000000000001,155.35,178.15000000000012,13.429999999999978,25
4,2026-01-08 14:15:00,SELL,CE,21900,21905.67,187.69,0.0,0.0,21928.17248764903,21805.67,1,SL_HIT,2026-01-08 14:35:00,21915.73,184.32,84.25000000000011,155.77,-71.5199999999999,9.919999999999987,25
5,2026-01-09 10:10:00,BUY,PE,21900,21905.67,182.02,0.0,0.0,21912.718911264215,22005.67,1,SL_HIT,2026-01-09 11:05:00,21925.8,168.67,333.75000000000057,155.35,178.40000000000057,13.460000000000008,25
6,2026-01-09 13:20:00,SELL,CE,21950,21943.91,182.33,0.0,0.0,21957.298173147956,21843.91,1,SL_HIT,2026-01-09 13:30:00,21937.63,168.76,339.25000000000057,155.36,183.89000000000055,13.590000000000003,25
7,2026-01-09 13:50:00,BUY,PE,21950,21948.19,184.18,0.0,0.0,21937.03663449238,22048.19,1,SL_HIT,2026-01-09 14:05:00,21948.92,169.93,356.25,155.44,200.81,14.25,25
8,2026-01-09 14:15:00,BUY,PE,22000,21983.86,198.81,0.0,0.0,21981.095666882975,22083.86,1,TIME_EXIT,2026-01-09 15:25:00,21998.77,170.46,708.7499999999999,155.89,552.8599999999999,29.560000000000002,25
9,2026-01-12 10:40:00,SELL,CE,22000,21988.13,182.7,0.0,0.0,22003.126811501876,21888.13,1,SL_HIT,2026-01-12 11:00:00,21986.82,169.14,339.00000000000006,155.38,183.62000000000006,13.560000000000002,25
10,2026-01-12 11:40:00,BUY,PE,22000,22017.65,182.95,0.0,0.0,21986.217694031926,22117.65,1,SL_HIT,2026-01-12 11:55:00,22011.75,169.33,340.49999999999943,155.39,185.10999999999945,13.699999999999989,25
11,2026-01-12 12:35:00,SELL,CE,21950,21971.8,204.37,0.0,0.0,21992.540183022782,21871.8,1,SL_HIT,2026-01-12 13:10:00,21961.01,179.95,610.5000000000005,156.21,454.2900000000004,25.52000000000001,25
12,2026-01-13 13:05:00,SELL,CE,22050,22029.86,183.05,0.0,0.0,22032.884458642897,21929.86,1,SL_HIT,2026-01-13 13:40:00,22020.71,169.4,341.2500000000001,155.39,185.86000000000013,13.810000000000002,25
13,2026-01-13 14:45:00,BUY,PE,22050,22025.83,207.18,0.0,0.0,22011.565849955427,22125.83,1,SL_HIT,2026-01-13 15:05:00,22022.32,197.09,252.25000000000009,156.56,95.69000000000008,16.230000000000018,25
14,2026-01-14 10:25:00,SELL,CE,22000,22012.94,195.85,0.0,0.0,22024.53196723289,21912.94,1,SL_HIT,2026-01-14 11:05:00,22003.13,172.39,586.5000000000002,155.83,430.6700000000002,26.72999999999999,25
15,2026-01-14 12:00:00,BUY,PE,22000,22024.6,183.0,0.0,0.0,22033.975061787787,22124.6,1,SL_HIT,2026-01-14 13:25:00,22022.89,169.42,339.50000000000034,155.39,184.11000000000035,13.610000000000014,25
16,2026-01-14 13:40:00,SELL,CE,22050,22025.54,183.01,0.0,0.0,22045.598340952733,21925.54,1,SL_HIT,2026-01-14 13:50:00,22042.54,169.57,335.99999999999994,155.4,180.59999999999994,13.599999999999994,25
17,2026-01-14 14:00:00,BUY,PE,22050,22051.79,183.23,0.0,0.0,22076.69441744685,22151.79,1,TIME_EXIT,2026-01-14 15:25:00,22124.53,170.2,325.75,155.41,170.34,13.519999999999982,25
18,2026-01-15 14:00:00,SELL,CE,22200,22183.33,184.32,0.0,0.0,22200.18336834039,22083.33,1,SL_HIT,2026-01-15 14:25:00,22185.31,170.67,341.2500000000001,155.45,185.80000000000013,13.789999999999992,25
19,2026-01-15 14:45:00,BUY,PE,22250,22231.81,202.92,0.0,0.0,22193.078306349944,22331.81,1,SL_HIT,2026-01-15 15:10:00,22221.97,198.98,98.49999999999994,156.46,-57.960000000000065,3.9399999999999977,25
20,2026-01-19 12:05:00,SELL,CE,22400,22405.3,191.47,0.0,0.0,22430.327603649126,22305.3,1,SL_HIT,2026-01-19 12:15:00,22412.15,184.56,172.74999999999991,155.89,16.85999999999993,6.909999999999997,25
21,2026-01-19 13:05:00,BUY,PE,22450,22431.45,204.94,0.0,0.0,22413.123455483284,22531.45,1,SL_HIT,2026-01-19 13:30:00,22422.98,199.51,135.75000000000017,156.53,-20.77999999999983,14.310000000000002,25
22,2026-01-19 14:55:00,SELL,CE,22400,22421.4,207.7,0.0,0.0,22427.62575698461,22321.4,1,SL_HIT,2026-01-19 15:25:00,22416.42,188.86,470.9999999999994,156.45,314.5499999999994,35.44999999999999,25
23,2026-01-20 09:35:00,BUY,PE,22450,22450.26,186.54,0.0,0.0,22415.276890902023,22550.26,1,SL_HIT,2026-01-20 09:45:00,22420.06,202.41,-396.7500000000001,156.01,-552.7600000000001,0.0,25
24,2026-01-20 10:45:00,SELL,CE,22450,22433.49,186.4,0.0,0.0,22434.36426963266,22333.49,1,SL_HIT,2026-01-20 10:55:00,22442.38,172.64,344.00000000000045,155.55,188.45000000000044,13.810000000000002,25
25,2026-01-21 10:20:00,SELL,CE,22500,22485.25,186.83,0.0,0.0,22508.685251115443,22385.25,1,SL_HIT,2026-01-21 10:30:00,22490.68,173.01,345.50000000000057,155.57,189.93000000000058,13.900000000000006,25
26,2026-01-21 13:20:00,BUY,PE,22500,22509.39,187.03,0.0,0.0,22490.012809610314,22609.39,1,SL_HIT,2026-01-21 13:55:00,22518.07,173.23,345.0000000000003,155.58,189.42000000000027,13.870000000000005,25
27,2026-01-22 10:15:00,SELL,CE,22500,22498.09,186.94,0.0,0.0,22495.73330568458,22398.09,1,SL_HIT,2026-01-22 11:20:00,22463.21,172.8,353.49999999999966,155.57,197.92999999999967,14.25,25
28,2026-01-22 13:10:00,BUY,PE,22500,22482.52,204.29,0.0,0.0,22471.259817169463,22582.52,1,SL_HIT,2026-01-22 13:50:00,22471.64,201.23,76.50000000000006,156.53,-80.02999999999994,30.689999999999998,25
29,2026-01-22 14:10:00,SELL,CE,22450,22466.48,203.16,0.0,0.0,22467.412464419547,22366.48,1,SL_HIT,2026-01-22 15:05:00,22441.15,172.63,763.25,156.06,607.19,30.609999999999985,25
30,2026-01-23 09:30:00,BUY,PE,22500,22486.69,200.15,0.0,0.0,22475.14928031773,22586.69,1,SL_HIT,2026-01-23 10:35:00,22492.87,180.16,499.7500000000002,156.08,343.6700000000002,27.03,25
31,2026-01-23 12:50:00,SELL,CE,22500,22495.22,186.91,0.0,0.0,22505.686335157916,22395.22,1,SL_HIT,2026-01-23 13:30:00,22502.14,175.24,291.74999999999966,155.6,136.14999999999966,13.990000000000009,25
32,2026-01-23 13:45:00,BUY,PE,22500,22503.3,186.98,0.0,0.0,22489.790120184236,22603.3,1,SL_HIT,2026-01-23 13:55:00,22508.54,173.15,345.7499999999996,155.57,190.1799999999996,13.869999999999976,25
33,2026-01-26 10:25:00,SELL,CE,22500,22516.68,203.77,0.0,0.0,22537.808030749646,22416.68,1,SL_HIT,2026-01-26 10:50:00,22518.05,191.28,312.2500000000002,156.36,155.8900000000002,12.490000000000009,25
34,2026-01-26 11:10:00,BUY,PE,22550,22535.47,201.78,0.0,0.0,22523.953249026818,22635.47,1,SL_HIT,2026-01-26 11:35:00,22538.13,185.25,413.25,156.21,257.03999999999996,22.080000000000013,25
35,2026-01-27 11:40:00,SELL,CE,22650,22664.81,203.13,0.0,0.0,22678.495489104327,22564.81,1,SL_HIT,2026-01-27 12:00:00,22671.64,196.05,176.9999999999996,156.42,20.579999999999615,16.560000000000002,25
36,2026-01-27 13:20:00,BUY,PE,22650,22673.08,188.39,0.0,0.0,22658.63689362278,22773.08,1,SL_HIT,2026-01-27 13:55:00,22675.75,174.44,348.7499999999997,155.64,193.10999999999973,13.949999999999989,25
37,2026-01-28 12:25:00,SELL,CE,22700,22694.13,188.57,0.0,0.0,22716.27191343168,22594.13,1,SL_HIT,2026-01-28 13:00:00,22682.61,174.49,351.9999999999996,155.64,196.35999999999962,14.079999999999984,25
38,2026-01-29 10:15:00,BUY,PE,22700,22687.02,201.49,0.0,0.0,22678.779365454713,22787.02,1,SL_HIT,2026-01-29 10:45:00,22694.3,180.28,530.2500000000002,156.12,374.1300000000002,26.860000000000014,25
39,2026-01-29 13:25:00,SELL,CE,22700,22718.11,206.88,0.0,0.0,22709.845695216318,22618.11,1,SL_HIT,2026-01-29 14:30:00,22690.09,174.55,808.2499999999995,156.2,652.0499999999995,32.44,25
40,2026-01-29 15:15:00,BUY,PE,22750,22725.21,213.62,0.0,0.0,22695.340452306664,22825.21,1,TIME_EXIT,2026-01-29 15:25:00,22720.54,204.24,234.4999999999999,156.86,77.63999999999987,14.789999999999992,25
41,2026-01-30 11:15:00,SELL,CE,22700,22704.34,192.99,0.0,0.0,22720.23188877398,22604.34,1,SL_HIT,2026-01-30 11:35:00,22707.66,182.34,266.2500000000001,155.9,110.35000000000011,18.439999999999998,25
42,2026-01-30 14:00:00,SELL,CE,22700,22694.58,188.57,0.0,0.0,22672.93774146738,22594.58,1,TIME_EXIT,2026-01-30 15:25:00,22627.56,174.07,362.5,155.63,206.87,14.5,25
43,2026-02-02 14:15:00,BUY,PE,22600,22583.34,204.31,0.0,0.0,22570.569166083307,22683.34,1,SL_HIT,2026-02-02 14:35:00,22568.84,204.78,-11.749999999999972,156.59,-168.33999999999997,17.860000000000014,25
44,2026-02-03 09:25:00,SELL,CE,22600,22577.38,187.6,0.0,0.0,22587.133828400885,22477.38,1,SL_HIT,2026-02-03 09:40:00,22584.91,173.74,346.49999999999966,155.6,190.89999999999966,13.97999999999999,25
45,2026-02-03 09:50:00,BUY,PE,22600,22580.55,207.07,0.0,0.0,22587.966226882407,22680.55,1,SL_HIT,2026-02-03 10:45:00,22587.21,186.55,512.9999999999995,156.39,356.60999999999956,33.20999999999998,25
46,2026-02-03 11:00:00,SELL,CE,22600,22577.44,187.6,0.0,0.0,22589.219543466974,22477.44,1,SL_HIT,2026-02-03 12:00:00,22581.21,173.71,347.24999999999966,155.6,191.64999999999966,14.049999999999983,25
47,2026-02-03 12:15:00,BUY,PE,22600,22585.88,201.79,0.0,0.0,22574.49672714869,22685.88,1,SL_HIT,2026-02-03 12:35:00,22592.0,181.79,500.0,156.16,343.84000000000003,20.75,25
48,2026-02-04 09:25:00,SELL,CE,22600,22602.0,189.8,0.0,0.0,22633.260636562227,22502.0,1,SL_HIT,2026-02-04 09:50:00,22623.93,197.97,-204.2499999999997,156.04,-360.2899999999997,15.960000000000008,25
49,2026-02-04 10:30:00,BUY,PE,22650,22638.58,199.53,0.0,0.0,22673.26766649403,22738.58,1,SL_HIT,2026-02-04 12:00:00,22690.29,174.55,624.4999999999998,155.98,468.51999999999975,25.180000000000007,25
50,2026-02-04 13:35:00,SELL,CE,22700,22680.07,188.45,0.0,0.0,22696.349999827373,22580.07,1,SL_HIT,2026-02-04 13:50:00,22676.33,174.44,350.2499999999998,155.64,194.6099999999998,14.089999999999975,25
51,2026-02-05 12:15:00,BUY,PE,22650,22662.92,188.31,0.0,0.0,22645.714853038124,22762.92,1,SL_HIT,2026-02-05 12:45:00,22667.83,174.38,348.25000000000017,155.63,192.62000000000018,13.960000000000008,25
52,2026-02-06 14:10:00,SELL,CE,22750,22756.4,195.49,0.0,0.0,22777.6716967145,22656.4,1,SL_HIT,2026-02-06 14:30:00,22765.83,190.96,113.25000000000003,156.11,-42.859999999999985,14.930000000000007,25
53,2026-02-06 14:45:00,BUY,PE,22800,22778.82,210.45,0.0,0.0,22761.1118767437,22878.82,1,SL_HIT,2026-02-06 14:55:00,22776.67,198.54,297.7499999999999,156.68,141.06999999999988,17.579999999999984,25
54,2026-02-09 10:40:00,SELL,CE,22800,22784.1,189.32,0.0,0.0,22799.046962356777,22684.1,1,SL_HIT,2026-02-09 10:50:00,22786.81,175.29,350.75,155.68,195.07,14.030000000000001,25
55,2026-02-09 11:40:00,BUY,PE,22800,22794.88,194.52,0.0,0.0,22780.04691031545,22894.88,1,SL_HIT,2026-02-09 11:55:00,22801.57,175.41,477.75000000000034,155.84,321.9100000000003,19.120000000000005,25
56,2026-02-09 12:25:00,SELL,CE,22750,22763.14,202.28,0.0,0.0,22794.476034477353,22663.14,1,SL_HIT,2026-02-09 12:40:00,22772.66,197.84,110.99999999999994,156.42,-45.420000000000044,7.150000000000006,25
57,2026-02-09 13:10:00,BUY,PE,22800,22796.49,192.93,0.0,0.0,22778.14992852983,22896.49,1,SL_HIT,2026-02-09 13:20:00,22794.61,180.74,304.74999999999994,155.87,148.87999999999994,15.300000000000011,25
58,2026-02-10 10:25:00,SELL,CE,22850,22837.88,189.76,0.0,0.0,22863.080069800006,22737.88,1,SL_HIT,2026-02-10 10:55:00,22869.63,195.56,-145.00000000000028,156.0,-301.0000000000003,14.079999999999984,25
59,2026-02-10 11:05:00,BUY,PE,22850,22872.4,190.05,0.0,0.0,22849.225524150734,22972.4,1,SL_HIT,2026-02-10 11:20:00,22859.32,175.85,355.00000000000045,155.71,199.29000000000045,14.200000000000017,25
60,2026-02-10 11:45:00,SELL,CE,22850,22856.45,196.37,0.0,0.0,22867.188715615383,22756.45,1,SL_HIT,2026-02-10 11:55:00,22849.23,175.77,514.9999999999999,155.9,359.0999999999999,20.599999999999994,25
61,2026-02-10 13:55:00,BUY,PE,22850,22849.39,190.47,0.0,0.0,22843.680287435145,22949.39,1,SL_HIT,2026-02-10 14:50:00,22849.47,176.3,354.24999999999966,155.73,198.51999999999967,14.689999999999998,25
62,2026-02-11 10:35:00,SELL,CE,22900,22876.07,190.08,0.0,0.0,22887.11562183948,22776.07,1,SL_HIT,2026-02-11 11:00:00,22862.05,175.87,355.2500000000002,155.71,199.54000000000022,14.230000000000018,25
63,2026-02-13 11:20:00,SELL,CE,22950,22963.88,204.69,0.0,0.0,22976.75928695999,22863.88,1,SL_HIT,2026-02-13 11:30:00,22956.0,182.59,552.4999999999999,156.26,396.2399999999999,22.099999999999994,25
64,2026-02-13 12:00:00,BUY,PE,23000,22984.97,206.01,0.0,0.0,22958.167339954383,23084.97,1,SL_HIT,2026-02-13 12:10:00,22965.74,210.93,-123.0000000000004,156.74,-279.7400000000004,0.0,25
65,2026-02-13 12:25:00,SELL,CE,22950,22961.64,202.43,0.0,0.0,22971.51644137752,22861.64,1,SL_HIT,2026-02-13 13:05:00,22964.36,191.02,285.2499999999999,156.32,128.9299999999999,25.909999999999997,25
66,2026-02-13 13:20:00,BUY,PE,22950,22964.59,190.82,0.0,0.0,22953.422936074607,23064.59,1,SL_HIT,2026-02-13 13:30:00,22965.63,176.67,353.7500000000001,155.74,198.0100000000001,14.169999999999987,25
67,2026-02-13 13:45:00,SELL,CE,22950,22961.57,202.36,0.0,0.0,22968.61899131193,22861.57,1,SL_HIT,2026-02-13 14:15:00,22949.87,176.55,645.25,156.09,489.15999999999997,25.880000000000024,25
68,2026-02-13 15:10:00,BUY,PE,22950,22962.5,190.8,0.0,0.0,22949.5157920598,23062.5,1,TIME_EXIT,2026-02-13 15:25:00,22986.02,176.83,349.25,155.75,193.5,14.100000000000023,25
69,2026-02-16 12:10:00,SELL,CE,23000,23001.62,192.74,0.0,0.0,23027.94275290484,22901.62,1,SL_HIT,2026-02-16 12:35:00,23015.42,192.47,6.750000000000256,156.05,-149.29999999999976,15.920000000000016,25
70,2026-02-16 12:55:00,BUY,PE,23050,23047.62,193.88,0.0,0.0,23098.848946449747,23147.62,1,TIME_EXIT,2026-02-16 15:25:00,23133.29,177.96,397.99999999999966,155.86,242.13999999999965,16.549999999999983,25
71,2026-02-17 12:15:00,SELL,CE,23150,23143.52,192.3,0.0,0.0,23169.024564311458,23043.52,1,SL_HIT,2026-02-17 12:35:00,23170.0,198.24,-148.49999999999994,156.12,-304.61999999999995,14.230000000000018,25
72,2026-02-17 12:45:00,BUY,PE,23150,23162.42,192.46,0.0,0.0,23151.96028227794,23262.42,1,SL_HIT,2026-02-17 12:55:00,23169.66,178.24,355.5,155.82,199.68,14.219999999999999,25
1,2026-02-05 10:45:00,SELL,CE,22000,21991.15,182.73,0.0,0.0,,21891.15,1,TIME_EXIT,2026-02-05 15:25:00,21951.99,168.87,346.49999999999966,155.38,191.11999999999966,14.23999999999998,25
1,2026-02-11 15:10:00,BUY,PE,25950,25955.9,215.67,0.0,0.0,,26055.9,1,TIME_EXIT,2026-02-11 15:25:00,25945.35,204.24,285.74999999999943,156.93,128.81999999999942,16.0,25
2,2026-02-12 12:55:00,BUY,PE,25850,25853.75,214.82,0.0,0.0,25832.856754128836,25953.75,1,SL_HIT,2026-02-12 13:10:00,25835.75,213.0,45.49999999999983,157.04,-111.54000000000016,15.939999999999998,25
3,2026-02-12 13:50:00,SELL,CE,25800,25821.65,236.2,0.0,0.0,25822.909270122847,25721.65,1,SL_HIT,2026-02-12 15:00:00,25823.95,222.61,339.7499999999994,157.84,181.90999999999937,38.03999999999999,25
4,2026-02-13 12:25:00,BUY,PE,25600,25585.3,227.29,0.0,0.0,25562.76638964816,25685.3,1,SL_HIT,2026-02-13 12:50:00,25556.95,239.65,-309.00000000000034,157.83,-466.8300000000004,30.340000000000003,25
5,2026-02-13 13:00:00,SELL,CE,25550,25542.5,212.24,0.0,0.0,25574.653073031626,25442.5,1,SL_HIT,2026-02-13 13:10:00,25574.7,221.44,-229.99999999999972,157.09,-387.0899999999997,15.700000000000017,25
6,2026-02-13 13:20:00,BUY,PE,25550,25553.2,212.32,0.0,0.0,25554.29607815834,25653.2,1,SL_HIT,2026-02-13 13:30:00,25542.4,204.09,205.74999999999974,156.82,48.92999999999975,12.449999999999989,25
7,2026-02-16 10:15:00,BUY,PE,25550,25550.15,212.3,0.0,0.0,25512.712977366366,25650.15,1,SL_HIT,2026-02-16 11:25:00,25517.8,228.5,-404.9999999999997,157.2,-562.1999999999997,7.219999999999999,25
